SMP_WATER_SYSTEM_ID,SMP_STATE_ASSIGNED_FAC_ID,SAMPLING_POINT_ID,SAMPLING_PT_TYPE_CD,SAMPLE_ID,SAMPLE_LAB_ASSIGNED_ID,SAMPLE_LAB_CD,SAMPLE_LAB_CERT_AGENCY,SAMPLE_COMPLIANCE_IND,SAMPLE_TYPE_CD,SAMPLE_DATE,SAMPLE_REJECT_REASON_CD,SAMPLE_COMPOSITE_IND,COMPOSITE_SAMPLE_ASSIGNED_ID,SAMPLE_COMPOSITE_DATE,RESULT_ID,RESULT_CONTAMINANT_CD,RESULT_CONTAMINANT_NAME,RESULT_DATA_QUALITY_CD,RESULT,RESULT_UOM,RESULT_LESS_THAN_IND,METHOD_DETECTION_LIMIT,METHOD_DETECT_LMT_UOM_CD,RESULT_RULE_CD,RESULT_METHOD_CODE,ORIGINAL_RESULT_ID,PA_RECEIVED_DATE
WY5601233,PC02,SP02,EP,3631,C10030721-002 N,WY04,STATE,Y,RT,3/21/2010,,N,,,3531,1041,NITRITE,A,,MG/L,Y,0.01,MG/L,NO2,,,4/7/2010
WY5601292,SS01,SP01,EP,3726,0430-81412 N,WY14,STATE,Y,RT,4/29/2010,,N,,,3626,1041,NITRITE,A,0.47,MG/L,N,,,NO2,,,5/15/2010
WY5601258,SS01,SP01,EP,3717,0310-80695 N,WY14,STATE,Y,RT,3/8/2010,,N,,,3617,1041,NITRITE,A,0.69,MG/L,N,,,NO2,,,3/31/2010
WY5601559,WL01,SP01,FC,4063,C10070408-001 N,WY04,STATE,Y,RT,7/12/2010,,N,,,3963,1041,NITRITE,A,,MG/L,Y,0.01,MG/L,NO2,,,7/27/2010
WY5601419,SS01,SP01,EP,553,S1001039-002 N,WY06,STATE,Y,RT,1/4/2010,,N,,,453,1041,NITRITE,A,1.49,MG/L,N,0.01,MG/L,NO2,,,1/25/2010
