MONITORING_SCHEDULE_ID,MONITORING_PERIOD_ID,MONITORING_PRD_BEGIN_DT,MONITORING_PRD_END_DT,RESULT_ID,SAMPLE_LAB_ASSIGNED_ID,RESULT_CONTAMINANT_CD,RESULT_RULE_CD,COMPLIANCE_RESULT_TEXT,COMPLIANCE_RESULT_UOM,USE_FOR_MR_COMPLIANCE_IND
5231,498,1/1/2010,12/31/2010,3531,C10030721-002 N,1041,NO2,0.00,MG/L,Y
5266,498,1/1/2010,12/31/2010,3626,0430-81412 N,1041,NO2,0.87,MG/L,Y
5290,498,1/1/2010,12/31/2010,3617,0310-80695 N,1041,NO2,0.69,MG/L,Y
58679,498,1/1/2010,12/31/2010,3963,C10070408-001 N,1041,NO2,0.00,MG/L,Y
58673,498,1/1/2010,12/31/2010,453,S1001039-002 N,1041,NO2,1.49,MG/L,Y
