TEST_NUMBER,TEST_RULE_TABLES,TEST_RULE_NAME,TEST_OUTCOME,MONITORING_SCHEDULE_ID,MS_WATER_SYSTEM_ID,MS_STATE_ASSIGNED_FAC_ID,MS_SAMPLE_TYPE_CD,MS_NUMB_SAMPLES_REQUIRED,MS_INTERVAL_UNIT,MS_INTERVAL_UNIT_COUNT,MS_INTERVAL_FIXED_DAYS,MS_CONTAMINANT_CODE,CONTAMINANT_NAME,MS_RULE_CD,CFR_REFERENCE,MONITORING_SCHD_BEGIN_DATE,MONITORING_SCHD_END_DATE,MS_INITIAL_MP_BEGIN_DATE,MS_SEASON_BEGIN_MONTH,MS_SEASON_BEGIN_DAY,MS_SEASON_END_MONTH,MS_SEASON_END_DAY,MS_PA_DESIGNATED_YEAR,MS_PA_DESIGNATED_BEGIN_MONTH,MS_PA_DESIGNATED_BEGIN_DAY,MS_PA_DESIGNATED_END_MONTH,MS_PA_DESIGNATED_END_DAY,MS_ORIGINAL_RESULT_ID,MP_MONITORING_PRD_ID,MP_PRIMACY_AGENCY_CD,MS_MONITORING_PRD_BEGIN_DT,MS_MONITORING_PRD_END_DT,MONITORING_PRD_FIXED_DAYS,MONITORING_PRD_ACTUAL_DAYS,MR_REPORT_DUE_DATE_DAYS,MONITORING_REQUIREMENT_TYPE,MR_MAKEUP_REQUIRED_IND,MR_VIOLATION_TYPE_CD
1,RTC:1 to RTC:2,No monitoring violations to RTC and No MCL violations to RTC,No action,5231,WY5601233,PC02,RT,1,YR,1,360,1041,NITRITE,NO2,,01/01/2001,,01/01/2001,,,,,,,,,,,498,,01/01/2010,12/31/2010,360,365,10,INITIAL,,03
2,RTC:1 to RTC:2,RTC monitoring violation because no RTC currently exists and No MCL violations to RTC,Create SOX/EOX and associate to violation(s),5266,WY5601292,SS01,RT,1,YR,1,360,1041,NITRITE,NO2,,01/01/2001,,01/01/2001,,,,,,,,,,,498,,01/01/2010,12/31/2010,360,365,10,,,03
3,RTC:1 to RTC:2,Monitoring violation(s) already RTC with earlier date(s) and No MCL violations to RTC,No action,5290,WY5601258,SS01,RT,1,YR,1,360,1041,NITRITE,NO2,,01/01/2001,,01/01/2001,,,,,,,,,,,498,,01/01/2010,12/31/2010,360,365,10,,,03
4,RTC:1 to RTC:2,Update monitoring RTC because existing RTC has a later date and No MCL violations to RTC,Update SOX/EOX associated to matching violation(s) with PA_Received_Date,58679,WY5601559,WL01,RT,1,YR,1,360,1041,NITRITE,NO2,,01/01/2008,,01/01/2008,,,,,,,,,,,498,,01/01/2010,12/31/2010,360,365,10,,,03
5,RTC:1 to RTC:2,No monitoring violations to RTC and RTC MCL violation because no RTC currently exists: RT result only,Create SOX/EOX and associate to MCL violation(s),58673,WY5601419,SS01,RT,1,YR,1,360,1041,NITRITE,NO2,,01/01/2008,,01/01/2008,,,,,,,,,,,498,,01/01/2010,12/31/2010,360,365,10,,,03
