ENFORCEMENT_ACTION_ID,EA_WATER_SYSTEM_ID,ENFORCEMENT_FED_ID,STATUS,STATUS_DATE,EA_YEAR,EA_TYPE_LOCATION_TYPE_CODE,EA_TYPE_FORMAL_TYPE_CODE,EA_TYPE_SUB_CATEGORY_CODE,EA_TYPE_NAME,VIO_WATER_SYSTEM_ID,VIOLATION_ID
41,WY5600044,109,T,07/23/2010,2010,S,O,X,ST COMPLIANCE ACHIEVED,WY5600044,143
40,WY5600044,109,T,07/23/2010,2010,S,O,X,ST COMPLIANCE ACHIEVED,WY5600044,144
11,WY5600044,109,T,07/23/2010,2010,S,O,X,ST COMPLIANCE ACHIEVED,WY5600044,145
10,WY5600044,109,T,07/23/2010,2010,S,O,X,ST COMPLIANCE ACHIEVED,WY5600044,146
35,WY5600044,109,T,07/23/2010,2010,S,O,X,ST COMPLIANCE ACHIEVED,WY5600044,147
25,WY5600073,48017,T,07/23/2010,2010,S,O,X,ST COMPLIANCE ACHIEVED,WY5600073,170
26,WY5600073,48016,T,07/23/2010,2010,S,O,X,ST COMPLIANCE ACHIEVED,WY5600073,170
42,WY5600081,67105,T,07/23/2010,2010,S,O,X,ST COMPLIANCE ACHIEVED,WY5600081,186
17,WY5600097,39809,T,07/23/2010,2010,S,O,X,ST COMPLIANCE ACHIEVED,WY5600097,189
16,WY5600097,39809,T,07/23/2010,2010,S,O,X,ST COMPLIANCE ACHIEVED,WY5600097,190
5,WY5600097,39809,T,07/23/2010,2010,S,O,X,ST COMPLIANCE ACHIEVED,WY5600097,191
4,WY5600097,39809,T,07/23/2010,2010,S,O,X,ST COMPLIANCE ACHIEVED,WY5600097,192
3,WY5600097,39809,T,07/23/2010,2010,S,O,X,ST COMPLIANCE ACHIEVED,WY5600097,193
44,WY5600202,70109,T,07/23/2010,2010,S,O,X,ST COMPLIANCE ACHIEVED,WY5600202,289
43,WY5600202,70109,T,07/23/2010,2010,S,O,X,ST COMPLIANCE ACHIEVED,WY5600202,290
19,WY5600202,70108,T,07/23/2010,2010,S,O,X,ST COMPLIANCE ACHIEVED,WY5600202,291
18,WY5600202,70108,T,07/23/2010,2010,S,O,X,ST COMPLIANCE ACHIEVED,WY5600202,292
45,WY5600435,4903,T,07/23/2010,2010,S,O,X,ST COMPLIANCE ACHIEVED,WY5600435,393
46,WY5601008,71703,T,07/23/2010,2010,S,O,X,ST COMPLIANCE ACHIEVED,WY5601008,476
36,WY5601008,71703,T,07/23/2010,2010,S,O,X,ST COMPLIANCE ACHIEVED,WY5601008,477
27,WY5601175,4,T,07/23/2010,2010,S,O,X,ST COMPLIANCE ACHIEVED,WY5601175,504
47,WY5601258,455,T,10/10/2009,2009,S,O,X,ST COMPLIANCE ACHIEVED,WY5601258,706
28,WY5601279,1,T,07/23/2010,2010,S,O,X,ST COMPLIANCE ACHIEVED,WY5601279,538
29,WY5601343,1,T,07/23/2010,2010,S,O,X,ST COMPLIANCE ACHIEVED,WY5601343,539
30,WY5601369,209,T,07/23/2010,2010,S,O,X,ST COMPLIANCE ACHIEVED,WY5601369,540
31,WY5601369,208,T,07/23/2010,2010,S,O,X,ST COMPLIANCE ACHIEVED,WY5601369,540
37,WY5601369,209,T,07/23/2010,2010,S,O,X,ST COMPLIANCE ACHIEVED,WY5601369,541
38,WY5601369,208,T,07/23/2010,2010,S,O,X,ST COMPLIANCE ACHIEVED,WY5601369,541
48,WY5601559,34,T,09/09/2010,2010,S,O,X,ST COMPLIANCE ACHIEVED,WY5601559,707
32,WY5601581,212,T,07/23/2010,2010,S,O,X,ST COMPLIANCE ACHIEVED,WY5601581,630
