SMP_WATER_SYSTEM_ID,SMP_STATE_ASSIGNED_FAC_ID,SAMPLING_POINT_ID,SAMPLING_PT_TYPE_CD,SAMPLE_ID,SAMPLE_LAB_ASSIGNED_ID,SAMPLE_LAB_CD,SAMPLE_LAB_CERT_AGENCY,SAMPLE_COMPLIANCE_IND,SAMPLE_TYPE_CD,SAMPLE_DATE,SAMPLE_REJECT_REASON_CD,SAMPLE_COMPOSITE_IND,COMPOSITE_SAMPLE_ASSIGNED_ID,SAMPLE_COMPOSITE_DATE,RESULT_ID,RESULT_CONTAMINANT_CD,RESULT_CONTAMINANT_NAME,RESULT_DATA_QUALITY_CD,RESULT,RESULT_UOM,RESULT_LESS_THAN_IND,METHOD_DETECTION_LIMIT,METHOD_DETECT_LMT_UOM_CD,RESULT_RULE_CD,RESULT_METHOD_CODE,RESULT_MICROBE_PRESENCE_IND_CD,RESULT_MICROBE_REJECT_CODE,RESULT_MICROBE_TEST_TYPE,RESULT_MICROBE_UOM_CODE,RESULT_MICROBE_COUNT,RESULT_MICROBE_COUNT_TYPE,RESULT_MICROBE_COUNT_UOM_CD,ORIGINAL_RESULT_ID,PA_RECEIVED_DATE,TEST_RULE_TABLE,TEST_RULE_NAME
WY5600009,TP01,TP02-SP,EP,25589,215-12-01,WY04,STATE,Y,RT,03/20/2011,,N,,,25589,1041,NITRITE,A,1.45,MG/L,N,0.01,MG/L,NO2,4500NO2-B,,,,,,,,,04/18/2011,Supporting,Supporting Nitrite CO result CO MS and triggering result
WY5600148,SS01,SS01-SP,EP,25591,215-12-04,WY04,STATE,Y,RT,03/20/2010,,N,,,25591,1041,NITRITE,A,1.49,MG/L,N,0.01,MG/L,NO2,4500NO2-B,,,,,,,,,04/10/2010,Supporting,Supporting Nitrite CO result triggering result no CO MS and avg > MCL
WY5600148,SS01,SS01-SP,EP,25587,214-12-04,WY04,STATE,Y,CO,03/27/2010,,N,,,25587,1041,NITRITE,A,1.75,MG/L,N,0.01,MG/L,NO2,4500NO2-B,,,,,,,,25591,04/18/2010,Table SR:1c and SR:2a,Nitrite CO result triggering result no CO MS and avg > MCL
WY5600009,TP01,TP01-SP,EP,25586,214-12-01,WY04,STATE,Y,CO,03/27/2010,,N,,,25586,1041,NITRITE,A,2.5,MG/L,N,0.01,MG/L,NO2,4500NO2-B,,,,,,,,,04/18/2010,Table SR:1c and SR:3b,Nitrite CO result CO MS no triggering result and > MCL
WY5600009,TP02,TP02-SP,EP,25585,214-12-02,WY04,STATE,Y,CO,03/27/2010,,N,,,25585,1041,NITRITE,A,0.88,MG/L,N,0.01,MG/L,NO2,4500NO2-B,,,,,,,,,04/18/2010,Table SR:1c and SR:3b,Nitrite CO result no CO MS no RT Trigger and = 50% MCL
WY5600009,TP01,TP01-SP,EP,25588,215-12-02,WY04,STATE,Y,CO,03/27/2011,,N,,,25588,1041,NITRITE,A,1.25,MG/L,N,0.01,MG/L,NO2,4500NO2-B,,,,,,,,,04/18/2011,Table SR:1c and SR:2a and SR:2b,Nitrite CO result CO MS and triggering result and = 50% MCL annual/less frequent MS change to QT
